{
    "cluster_redshift": 0.08007210927777778,
    "velocity_dispersion": 1317.2174470417904,
    "diameter_mpc": 0.5683707717576245,
    "dynamical_mass": 332447812620685.2,
    "luminous_mass_r": 10213374615460.613,
    "mass-to-light-ratio": 32.5502417308221
}